<!-- [ Mirror metadata ] generatedAt: 1477063883785 -->
<!-- Generated screen file. Fill the id tags below with content with
which to populate your previewed layout. For a complete specification
of sample data, please see http://jimulabs.com/sample-data-specifications/ 

Valid attributes on <screen> tag: theme="@style/someTheme" inEditMode="false" overlay="@drawable/mockup" -->
<screen>
    <_content layout="@layout/activity_new_message_permission">
        <!-- ImageView Examples:
        <imageView5 src="@drawable/image_resource" />
        <imageView5 src="relative_path/image.jpg" /> -->
        <imageView5 />
        <!-- TextView Examples:
        <textView5 text="@string/string_resource" />
        <textView5 text="Text literal" textSize="14sp" /> -->
        <textView5 />
        <imageView6 />
        <textView6 />
    </_content>
</screen>
